model,direction,test_illicit_f1_mean,test_illicit_f1_std,test_illicit_f1_formatted,test_pr_auc_mean,test_pr_auc_std,test_pr_auc_formatted,test_precision_formatted,test_recall_formatted,test_mcc_formatted
GAT,Backward (v -> u),0.3938207163829952,0.07057849953445444,0.3938 ± 0.0706,0.400727123670449,0.03879554183408096,0.4007 ± 0.0388,0.3494 ± 0.1083,0.4843 ± 0.0475,0.3606 ± 0.0703
GAT,Bidirectional (u <-> v),0.46177152125352106,0.023391279922373814,0.4618 ± 0.0234,0.4629452553607571,0.025184637688143236,0.4629 ± 0.0252,0.4706 ± 0.0815,0.4654 ± 0.0433,0.4324 ± 0.0287
GAT,Forward (u -> v),0.3308341309363993,0.060176136207643206,0.3308 ± 0.0602,0.26669278298504484,0.06950300953259997,0.2667 ± 0.0695,0.2680 ± 0.0632,0.4412 ± 0.0281,0.2899 ± 0.0640
GCN,Backward (v -> u),0.3952846946273643,0.04621259541786998,0.3953 ± 0.0462,0.3648870325731183,0.03980484523305364,0.3649 ± 0.0398,0.4734 ± 0.1714,0.3711 ± 0.0515,0.3752 ± 0.0657
GCN,Bidirectional (u <-> v),0.3142429974063641,0.05713782717015991,0.3142 ± 0.0571,0.27067896195047797,0.05218024316698991,0.2707 ± 0.0522,0.3498 ± 0.0686,0.3107 ± 0.0966,0.2836 ± 0.0447
GCN,Forward (u -> v),0.2588828934366211,0.06385706746425125,0.2589 ± 0.0639,0.22020590856052408,0.07034151553863502,0.2202 ± 0.0703,0.2788 ± 0.1255,0.2884 ± 0.0839,0.2213 ± 0.0766
GraphSAGE,Backward (v -> u),0.32127469150250043,0.055834053789935084,0.3213 ± 0.0558,0.25811348872216644,0.09933500855854416,0.2581 ± 0.0993,0.2502 ± 0.0601,0.4648 ± 0.0627,0.2833 ± 0.0601
GraphSAGE,Bidirectional (u <-> v),0.370996206591936,0.12284518908978098,0.3710 ± 0.1228,0.3594854103847623,0.14991836302473635,0.3595 ± 0.1499,0.3604 ± 0.1745,0.4575 ± 0.0608,0.3371 ± 0.1294
GraphSAGE,Forward (u -> v),0.28221754513206343,0.12477541236823642,0.2822 ± 0.1248,0.23664040668693054,0.1386174999960264,0.2366 ± 0.1386,0.2695 ± 0.1858,0.3588 ± 0.0756,0.2391 ± 0.1394
