model,num_layers,test_illicit_f1_mean,test_illicit_f1_std,test_illicit_f1_formatted,test_pr_auc_mean,test_pr_auc_std,test_pr_auc_formatted,test_precision_formatted,test_recall_formatted,test_mcc_formatted
GAT,1,0.28765162313900794,0.03185205452487791,0.2877 ± 0.0319,0.19361801105276064,0.028387339108303124,0.1936 ± 0.0284,0.2084 ± 0.0314,0.4701 ± 0.0305,0.2497 ± 0.0337
GAT,2,0.33083413093639924,0.06017613620764322,0.3308 ± 0.0602,0.26669278298504484,0.06950300953259998,0.2667 ± 0.0695,0.2680 ± 0.0632,0.4412 ± 0.0281,0.2899 ± 0.0640
GAT,3,0.28474304683019197,0.005246182596860482,0.2847 ± 0.0052,0.2362352058078742,0.012577671474687236,0.2362 ± 0.0126,0.2119 ± 0.0071,0.4352 ± 0.0239,0.2433 ± 0.0065
GCN,1,0.28622526330916054,0.024974676409153122,0.2862 ± 0.0250,0.22547414162109364,0.05270368774070371,0.2255 ± 0.0527,0.3221 ± 0.0859,0.2792 ± 0.0533,0.2522 ± 0.0336
GCN,2,0.2588828934366211,0.06385706746425127,0.2589 ± 0.0639,0.22020590856052405,0.070341515538635,0.2202 ± 0.0703,0.2788 ± 0.1255,0.2884 ± 0.0839,0.2213 ± 0.0766
GCN,3,0.20891424708765038,0.0891711836555651,0.2089 ± 0.0892,0.1647680447438651,0.09310373460875036,0.1648 ± 0.0931,0.2052 ± 0.1254,0.2720 ± 0.1123,0.1622 ± 0.0995
GraphSAGE,1,0.3750284446486337,0.121517401922568,0.3750 ± 0.1215,0.3470960145709673,0.14131520397152472,0.3471 ± 0.1413,0.3728 ± 0.1971,0.4708 ± 0.0780,0.3478 ± 0.1233
GraphSAGE,2,0.28221754513206343,0.12477541236823642,0.2822 ± 0.1248,0.23664040668693054,0.1386174999960264,0.2366 ± 0.1386,0.2695 ± 0.1858,0.3588 ± 0.0756,0.2391 ± 0.1394
GraphSAGE,3,0.3326863384409821,0.12496630339336169,0.3327 ± 0.1250,0.2915508682211274,0.11454483641004652,0.2916 ± 0.1145,0.3094 ± 0.1525,0.3984 ± 0.0853,0.2914 ± 0.1336
