Experiment_ID,Phase,Model_Family,Model,Feature_Space,Feature_Count,Weighting,Graph_Context,Graph_Direction,Depth,Seed,Train_Timesteps,Val_Timesteps,Test_Timesteps,Validation_F1,Validation_PR_AUC,Test_F1,Test_PR_AUC,Test_Precision,Test_Recall,Test_MCC,Status,Recommended_Paper_Section,Notes
EXP_001,Phase 2 (Baselines),Linear Model,Logistic Regression,Local Only (93),93,Standard,None (Tabular),None (Tabular),N/A,42,1–34,35–39,40–49,0.6789,0.3935,0.4378,0.214,0.3564,0.5676,0.4081,ABLATION,Section 5 (Feature Space Analysis),Conventional baseline run (Seed 42)
EXP_002,Phase 2 (Baselines),Linear Model,Logistic Regression,Local Only (93),93,Standard,None (Tabular),None (Tabular),N/A,123,1–34,35–39,40–49,0.6789,0.3935,0.4378,0.214,0.3564,0.5676,0.4081,ABLATION,Section 5 (Feature Space Analysis),Conventional baseline run (Seed 123)
EXP_003,Phase 2 (Baselines),Linear Model,Logistic Regression,Local Only (93),93,Standard,None (Tabular),None (Tabular),N/A,456,1–34,35–39,40–49,0.6789,0.3935,0.4378,0.214,0.3564,0.5676,0.4081,ABLATION,Section 5 (Feature Space Analysis),Conventional baseline run (Seed 456)
EXP_004,Phase 2 (Baselines),Linear Model,Logistic Regression,Local Only (93),93,Standard,None (Tabular),None (Tabular),N/A,789,1–34,35–39,40–49,0.6789,0.3935,0.4378,0.214,0.3564,0.5676,0.4081,ABLATION,Section 5 (Feature Space Analysis),Conventional baseline run (Seed 789)
EXP_005,Phase 2 (Baselines),Linear Model,Logistic Regression,Local Only (93),93,Standard,None (Tabular),None (Tabular),N/A,999,1–34,35–39,40–49,0.6789,0.3935,0.4378,0.214,0.3564,0.5676,0.4081,ABLATION,Section 5 (Feature Space Analysis),Conventional baseline run (Seed 999)
EXP_006,Phase 2 (Baselines),Linear Model,Logistic Regression,Local Only (93),93,Weighted,None (Tabular),None (Tabular),N/A,42,1–34,35–39,40–49,0.6325,0.354,0.4068,0.1982,0.3118,0.5849,0.3804,ABLATION,Section 5 (Feature Space Analysis),Conventional baseline run (Seed 42)
EXP_007,Phase 2 (Baselines),Linear Model,Logistic Regression,Local Only (93),93,Weighted,None (Tabular),None (Tabular),N/A,123,1–34,35–39,40–49,0.6325,0.354,0.4068,0.1982,0.3118,0.5849,0.3804,ABLATION,Section 5 (Feature Space Analysis),Conventional baseline run (Seed 123)
EXP_008,Phase 2 (Baselines),Linear Model,Logistic Regression,Local Only (93),93,Weighted,None (Tabular),None (Tabular),N/A,456,1–34,35–39,40–49,0.6325,0.354,0.4068,0.1982,0.3118,0.5849,0.3804,ABLATION,Section 5 (Feature Space Analysis),Conventional baseline run (Seed 456)
EXP_009,Phase 2 (Baselines),Linear Model,Logistic Regression,Local Only (93),93,Weighted,None (Tabular),None (Tabular),N/A,789,1–34,35–39,40–49,0.6325,0.354,0.4068,0.1982,0.3118,0.5849,0.3804,ABLATION,Section 5 (Feature Space Analysis),Conventional baseline run (Seed 789)
EXP_010,Phase 2 (Baselines),Linear Model,Logistic Regression,Local Only (93),93,Weighted,None (Tabular),None (Tabular),N/A,999,1–34,35–39,40–49,0.6325,0.354,0.4068,0.1982,0.3118,0.5849,0.3804,ABLATION,Section 5 (Feature Space Analysis),Conventional baseline run (Seed 999)
EXP_011,Phase 2 (Baselines),Tree Ensemble,Random Forest,Local Only (93),93,Standard,None (Tabular),None (Tabular),N/A,42,1–34,35–39,40–49,0.9279,0.9488,0.6952,0.6493,0.8816,0.5739,0.6983,ABLATION,Section 5 (Feature Space Analysis),Conventional baseline run (Seed 42)
EXP_012,Phase 2 (Baselines),Tree Ensemble,Random Forest,Local Only (93),93,Standard,None (Tabular),None (Tabular),N/A,123,1–34,35–39,40–49,0.9301,0.9484,0.6931,0.6493,0.8975,0.5645,0.6991,ABLATION,Section 5 (Feature Space Analysis),Conventional baseline run (Seed 123)
EXP_013,Phase 2 (Baselines),Tree Ensemble,Random Forest,Local Only (93),93,Standard,None (Tabular),None (Tabular),N/A,456,1–34,35–39,40–49,0.9301,0.9503,0.6982,0.6497,0.9027,0.5692,0.7044,ABLATION,Section 5 (Feature Space Analysis),Conventional baseline run (Seed 456)
EXP_014,Phase 2 (Baselines),Tree Ensemble,Random Forest,Local Only (93),93,Standard,None (Tabular),None (Tabular),N/A,789,1–34,35–39,40–49,0.9292,0.9501,0.6896,0.6493,0.9188,0.5519,0.6999,ABLATION,Section 5 (Feature Space Analysis),Conventional baseline run (Seed 789)
EXP_015,Phase 2 (Baselines),Tree Ensemble,Random Forest,Local Only (93),93,Standard,None (Tabular),None (Tabular),N/A,999,1–34,35–39,40–49,0.9307,0.9477,0.692,0.65,0.9103,0.5582,0.7004,ABLATION,Section 5 (Feature Space Analysis),Conventional baseline run (Seed 999)
EXP_016,Phase 2 (Baselines),Tree Ensemble,Random Forest,Local Only (93),93,Weighted,None (Tabular),None (Tabular),N/A,42,1–34,35–39,40–49,0.9291,0.9498,0.67,0.648,0.9016,0.533,0.6803,ABLATION,Section 5 (Feature Space Analysis),Conventional baseline run (Seed 42)
EXP_017,Phase 2 (Baselines),Tree Ensemble,Random Forest,Local Only (93),93,Weighted,None (Tabular),None (Tabular),N/A,123,1–34,35–39,40–49,0.9267,0.9493,0.6706,0.6505,0.904,0.533,0.6813,ABLATION,Section 5 (Feature Space Analysis),Conventional baseline run (Seed 123)
EXP_018,Phase 2 (Baselines),Tree Ensemble,Random Forest,Local Only (93),93,Weighted,None (Tabular),None (Tabular),N/A,456,1–34,35–39,40–49,0.9302,0.9494,0.6693,0.6507,0.9037,0.5314,0.6802,ABLATION,Section 5 (Feature Space Analysis),Conventional baseline run (Seed 456)
EXP_019,Phase 2 (Baselines),Tree Ensemble,Random Forest,Local Only (93),93,Weighted,None (Tabular),None (Tabular),N/A,789,1–34,35–39,40–49,0.9299,0.9494,0.6776,0.6482,0.8775,0.5519,0.6825,ABLATION,Section 5 (Feature Space Analysis),Conventional baseline run (Seed 789)
EXP_020,Phase 2 (Baselines),Tree Ensemble,Random Forest,Local Only (93),93,Weighted,None (Tabular),None (Tabular),N/A,999,1–34,35–39,40–49,0.9275,0.949,0.6739,0.652,0.9069,0.5362,0.6846,ABLATION,Section 5 (Feature Space Analysis),Conventional baseline run (Seed 999)
EXP_021,Phase 2 (Baselines),Gradient Boosting,XGBoost,Local Only (93),93,Standard,None (Tabular),None (Tabular),N/A,42,1–34,35–39,40–49,0.9183,0.9549,0.67,0.6546,0.9203,0.5267,0.6839,ABLATION,Section 5 (Feature Space Analysis),Conventional baseline run (Seed 42)
EXP_022,Phase 2 (Baselines),Gradient Boosting,XGBoost,Local Only (93),93,Standard,None (Tabular),None (Tabular),N/A,123,1–34,35–39,40–49,0.9214,0.952,0.6802,0.6574,0.8781,0.555,0.6847,ABLATION,Section 5 (Feature Space Analysis),Conventional baseline run (Seed 123)
EXP_023,Phase 2 (Baselines),Gradient Boosting,XGBoost,Local Only (93),93,Standard,None (Tabular),None (Tabular),N/A,456,1–34,35–39,40–49,0.915,0.9495,0.6521,0.6504,0.8865,0.5157,0.6626,ABLATION,Section 5 (Feature Space Analysis),Conventional baseline run (Seed 456)
EXP_024,Phase 2 (Baselines),Gradient Boosting,XGBoost,Local Only (93),93,Standard,None (Tabular),None (Tabular),N/A,789,1–34,35–39,40–49,0.9168,0.9528,0.6711,0.6583,0.8412,0.5582,0.6707,ABLATION,Section 5 (Feature Space Analysis),Conventional baseline run (Seed 789)
EXP_025,Phase 2 (Baselines),Gradient Boosting,XGBoost,Local Only (93),93,Standard,None (Tabular),None (Tabular),N/A,999,1–34,35–39,40–49,0.9211,0.9528,0.6774,0.6561,0.8467,0.5645,0.677,ABLATION,Section 5 (Feature Space Analysis),Conventional baseline run (Seed 999)
EXP_026,Phase 2 (Baselines),Gradient Boosting,XGBoost,Local Only (93),93,Weighted,None (Tabular),None (Tabular),N/A,42,1–34,35–39,40–49,0.9211,0.9549,0.69,0.6592,0.9478,0.5425,0.7056,ABLATION,Section 5 (Feature Space Analysis),Conventional baseline run (Seed 42)
EXP_027,Phase 2 (Baselines),Gradient Boosting,XGBoost,Local Only (93),93,Weighted,None (Tabular),None (Tabular),N/A,123,1–34,35–39,40–49,0.9206,0.9559,0.6692,0.659,0.8249,0.5629,0.6663,ABLATION,Section 5 (Feature Space Analysis),Conventional baseline run (Seed 123)
EXP_028,Phase 2 (Baselines),Gradient Boosting,XGBoost,Local Only (93),93,Weighted,None (Tabular),None (Tabular),N/A,456,1–34,35–39,40–49,0.9192,0.9525,0.6842,0.6595,0.9,0.5519,0.692,ABLATION,Section 5 (Feature Space Analysis),Conventional baseline run (Seed 456)
EXP_029,Phase 2 (Baselines),Gradient Boosting,XGBoost,Local Only (93),93,Weighted,None (Tabular),None (Tabular),N/A,789,1–34,35–39,40–49,0.9204,0.9547,0.666,0.65,0.8122,0.5645,0.6616,ABLATION,Section 5 (Feature Space Analysis),Conventional baseline run (Seed 789)
EXP_030,Phase 2 (Baselines),Gradient Boosting,XGBoost,Local Only (93),93,Weighted,None (Tabular),None (Tabular),N/A,999,1–34,35–39,40–49,0.9254,0.9552,0.6685,0.6576,0.7974,0.5755,0.6615,ABLATION,Section 5 (Feature Space Analysis),Conventional baseline run (Seed 999)
EXP_031,Phase 2 (Baselines),Neural Network,MLP,Local Only (93),93,Standard,None (Tabular),None (Tabular),2 Dense,42,1–34,35–39,40–49,0.9055,0.8986,0.5834,0.4785,0.5983,0.5692,0.5591,ABLATION,Section 5 (Feature Space Analysis),Conventional baseline run (Seed 42)
EXP_032,Phase 2 (Baselines),Neural Network,MLP,Local Only (93),93,Standard,None (Tabular),None (Tabular),2 Dense,123,1–34,35–39,40–49,0.8816,0.8846,0.5798,0.4426,0.5859,0.5739,0.5548,ABLATION,Section 5 (Feature Space Analysis),Conventional baseline run (Seed 123)
EXP_033,Phase 2 (Baselines),Neural Network,MLP,Local Only (93),93,Standard,None (Tabular),None (Tabular),2 Dense,456,1–34,35–39,40–49,0.8858,0.8746,0.5368,0.3484,0.5524,0.522,0.5099,ABLATION,Section 5 (Feature Space Analysis),Conventional baseline run (Seed 456)
EXP_034,Phase 2 (Baselines),Neural Network,MLP,Local Only (93),93,Standard,None (Tabular),None (Tabular),2 Dense,789,1–34,35–39,40–49,0.8926,0.9022,0.5673,0.4242,0.5784,0.5566,0.5419,ABLATION,Section 5 (Feature Space Analysis),Conventional baseline run (Seed 789)
EXP_035,Phase 2 (Baselines),Neural Network,MLP,Local Only (93),93,Standard,None (Tabular),None (Tabular),2 Dense,999,1–34,35–39,40–49,0.8905,0.897,0.5632,0.3474,0.593,0.5362,0.539,ABLATION,Section 5 (Feature Space Analysis),Conventional baseline run (Seed 999)
EXP_036,Phase 2 (Baselines),Neural Network,MLP,Local Only (93),93,Weighted,None (Tabular),None (Tabular),2 Dense,42,1–34,35–39,40–49,0.9014,0.8738,0.5528,0.3441,0.5816,0.5267,0.528,ABLATION,Section 5 (Feature Space Analysis),Conventional baseline run (Seed 42)
EXP_037,Phase 2 (Baselines),Neural Network,MLP,Local Only (93),93,Weighted,None (Tabular),None (Tabular),2 Dense,123,1–34,35–39,40–49,0.8596,0.8226,0.4997,0.2897,0.4443,0.5708,0.4696,ABLATION,Section 5 (Feature Space Analysis),Conventional baseline run (Seed 123)
EXP_038,Phase 2 (Baselines),Neural Network,MLP,Local Only (93),93,Weighted,None (Tabular),None (Tabular),2 Dense,456,1–34,35–39,40–49,0.872,0.8556,0.4893,0.2857,0.4628,0.5189,0.4574,ABLATION,Section 5 (Feature Space Analysis),Conventional baseline run (Seed 456)
EXP_039,Phase 2 (Baselines),Neural Network,MLP,Local Only (93),93,Weighted,None (Tabular),None (Tabular),2 Dense,789,1–34,35–39,40–49,0.8691,0.8505,0.4824,0.2653,0.4303,0.5487,0.4509,ABLATION,Section 5 (Feature Space Analysis),Conventional baseline run (Seed 789)
EXP_040,Phase 2 (Baselines),Neural Network,MLP,Local Only (93),93,Weighted,None (Tabular),None (Tabular),2 Dense,999,1–34,35–39,40–49,0.8936,0.8977,0.5879,0.3983,0.6627,0.5283,0.5701,ABLATION,Section 5 (Feature Space Analysis),Conventional baseline run (Seed 999)
EXP_041,Phase 2 (Baselines),Linear Model,Logistic Regression,Full Features (165),165,Standard,None (Tabular),None (Tabular),N/A,42,1–34,35–39,40–49,0.5921,0.4826,0.4015,0.2754,0.3821,0.423,0.364,MAIN_RESULT,Section 4 (Main Model Comparison),Conventional baseline run (Seed 42)
EXP_042,Phase 2 (Baselines),Linear Model,Logistic Regression,Full Features (165),165,Standard,None (Tabular),None (Tabular),N/A,123,1–34,35–39,40–49,0.5921,0.4826,0.4015,0.2754,0.3821,0.423,0.364,MAIN_RESULT,Section 4 (Main Model Comparison),Conventional baseline run (Seed 123)
EXP_043,Phase 2 (Baselines),Linear Model,Logistic Regression,Full Features (165),165,Standard,None (Tabular),None (Tabular),N/A,456,1–34,35–39,40–49,0.5921,0.4826,0.4015,0.2754,0.3821,0.423,0.364,MAIN_RESULT,Section 4 (Main Model Comparison),Conventional baseline run (Seed 456)
EXP_044,Phase 2 (Baselines),Linear Model,Logistic Regression,Full Features (165),165,Standard,None (Tabular),None (Tabular),N/A,789,1–34,35–39,40–49,0.5921,0.4826,0.4015,0.2754,0.3821,0.423,0.364,MAIN_RESULT,Section 4 (Main Model Comparison),Conventional baseline run (Seed 789)
EXP_045,Phase 2 (Baselines),Linear Model,Logistic Regression,Full Features (165),165,Standard,None (Tabular),None (Tabular),N/A,999,1–34,35–39,40–49,0.5921,0.4826,0.4015,0.2754,0.3821,0.423,0.364,MAIN_RESULT,Section 4 (Main Model Comparison),Conventional baseline run (Seed 999)
EXP_046,Phase 2 (Baselines),Linear Model,Logistic Regression,Full Features (165),165,Weighted,None (Tabular),None (Tabular),N/A,42,1–34,35–39,40–49,0.5527,0.4366,0.348,0.2197,0.2678,0.4969,0.3128,SENSITIVITY_ANALYSIS,Section 5 (Class Weighting Sensitivity),Conventional baseline run (Seed 42)
EXP_047,Phase 2 (Baselines),Linear Model,Logistic Regression,Full Features (165),165,Weighted,None (Tabular),None (Tabular),N/A,123,1–34,35–39,40–49,0.5527,0.4366,0.348,0.2197,0.2678,0.4969,0.3128,SENSITIVITY_ANALYSIS,Section 5 (Class Weighting Sensitivity),Conventional baseline run (Seed 123)
EXP_048,Phase 2 (Baselines),Linear Model,Logistic Regression,Full Features (165),165,Weighted,None (Tabular),None (Tabular),N/A,456,1–34,35–39,40–49,0.5527,0.4366,0.348,0.2197,0.2678,0.4969,0.3128,SENSITIVITY_ANALYSIS,Section 5 (Class Weighting Sensitivity),Conventional baseline run (Seed 456)
EXP_049,Phase 2 (Baselines),Linear Model,Logistic Regression,Full Features (165),165,Weighted,None (Tabular),None (Tabular),N/A,789,1–34,35–39,40–49,0.5527,0.4366,0.348,0.2197,0.2678,0.4969,0.3128,SENSITIVITY_ANALYSIS,Section 5 (Class Weighting Sensitivity),Conventional baseline run (Seed 789)
EXP_050,Phase 2 (Baselines),Linear Model,Logistic Regression,Full Features (165),165,Weighted,None (Tabular),None (Tabular),N/A,999,1–34,35–39,40–49,0.5527,0.4366,0.348,0.2197,0.2678,0.4969,0.3128,SENSITIVITY_ANALYSIS,Section 5 (Class Weighting Sensitivity),Conventional baseline run (Seed 999)
EXP_051,Phase 2 (Baselines),Tree Ensemble,Random Forest,Full Features (165),165,Standard,None (Tabular),None (Tabular),N/A,42,1–34,35–39,40–49,0.952,0.9551,0.726,0.6595,0.9611,0.5833,0.7383,MAIN_RESULT,Section 4 (Main Model Comparison),Conventional baseline run (Seed 42)
EXP_052,Phase 2 (Baselines),Tree Ensemble,Random Forest,Full Features (165),165,Standard,None (Tabular),None (Tabular),N/A,123,1–34,35–39,40–49,0.9503,0.9548,0.7227,0.6597,0.9373,0.5881,0.7313,MAIN_RESULT,Section 4 (Main Model Comparison),Conventional baseline run (Seed 123)
EXP_053,Phase 2 (Baselines),Tree Ensemble,Random Forest,Full Features (165),165,Standard,None (Tabular),None (Tabular),N/A,456,1–34,35–39,40–49,0.9461,0.9562,0.7267,0.6636,0.9813,0.577,0.7425,MAIN_RESULT,Section 4 (Main Model Comparison),Conventional baseline run (Seed 456)
EXP_054,Phase 2 (Baselines),Tree Ensemble,Random Forest,Full Features (165),165,Standard,None (Tabular),None (Tabular),N/A,789,1–34,35–39,40–49,0.9487,0.956,0.7209,0.6564,0.9394,0.5849,0.7301,MAIN_RESULT,Section 4 (Main Model Comparison),Conventional baseline run (Seed 789)
EXP_055,Phase 2 (Baselines),Tree Ensemble,Random Forest,Full Features (165),165,Standard,None (Tabular),None (Tabular),N/A,999,1–34,35–39,40–49,0.9475,0.9544,0.7271,0.6602,0.9736,0.5802,0.7414,MAIN_RESULT,Section 4 (Main Model Comparison),Conventional baseline run (Seed 999)
EXP_056,Phase 2 (Baselines),Tree Ensemble,Random Forest,Full Features (165),165,Weighted,None (Tabular),None (Tabular),N/A,42,1–34,35–39,40–49,0.9358,0.9508,0.7006,0.6591,0.8732,0.5849,0.7015,SENSITIVITY_ANALYSIS,Section 5 (Class Weighting Sensitivity),Conventional baseline run (Seed 42)
EXP_057,Phase 2 (Baselines),Tree Ensemble,Random Forest,Full Features (165),165,Weighted,None (Tabular),None (Tabular),N/A,123,1–34,35–39,40–49,0.939,0.9512,0.6979,0.6635,0.8651,0.5849,0.6979,SENSITIVITY_ANALYSIS,Section 5 (Class Weighting Sensitivity),Conventional baseline run (Seed 123)
EXP_058,Phase 2 (Baselines),Tree Ensemble,Random Forest,Full Features (165),165,Weighted,None (Tabular),None (Tabular),N/A,456,1–34,35–39,40–49,0.9382,0.9533,0.6998,0.661,0.8674,0.5865,0.6999,SENSITIVITY_ANALYSIS,Section 5 (Class Weighting Sensitivity),Conventional baseline run (Seed 456)
EXP_059,Phase 2 (Baselines),Tree Ensemble,Random Forest,Full Features (165),165,Weighted,None (Tabular),None (Tabular),N/A,789,1–34,35–39,40–49,0.9421,0.9552,0.711,0.6642,0.9179,0.5802,0.7179,SENSITIVITY_ANALYSIS,Section 5 (Class Weighting Sensitivity),Conventional baseline run (Seed 789)
EXP_060,Phase 2 (Baselines),Tree Ensemble,Random Forest,Full Features (165),165,Weighted,None (Tabular),None (Tabular),N/A,999,1–34,35–39,40–49,0.9379,0.9531,0.7029,0.6608,0.8913,0.5802,0.7064,SENSITIVITY_ANALYSIS,Section 5 (Class Weighting Sensitivity),Conventional baseline run (Seed 999)
EXP_061,Phase 2 (Baselines),Gradient Boosting,XGBoost,Full Features (165),165,Standard,None (Tabular),None (Tabular),N/A,42,1–34,35–39,40–49,0.9369,0.9579,0.6984,0.6736,0.8843,0.577,0.7014,MAIN_RESULT,Section 4 (Main Model Comparison),Conventional baseline run (Seed 42)
EXP_062,Phase 2 (Baselines),Gradient Boosting,XGBoost,Full Features (165),165,Standard,None (Tabular),None (Tabular),N/A,123,1–34,35–39,40–49,0.9438,0.9594,0.7209,0.6723,0.9394,0.5849,0.7301,MAIN_RESULT,Section 4 (Main Model Comparison),Conventional baseline run (Seed 123)
EXP_063,Phase 2 (Baselines),Gradient Boosting,XGBoost,Full Features (165),165,Standard,None (Tabular),None (Tabular),N/A,456,1–34,35–39,40–49,0.933,0.9582,0.7039,0.672,0.863,0.5943,0.7028,MAIN_RESULT,Section 4 (Main Model Comparison),Conventional baseline run (Seed 456)
EXP_064,Phase 2 (Baselines),Gradient Boosting,XGBoost,Full Features (165),165,Standard,None (Tabular),None (Tabular),N/A,789,1–34,35–39,40–49,0.9394,0.9614,0.7201,0.6757,0.9325,0.5865,0.7282,MAIN_RESULT,Section 4 (Main Model Comparison),Conventional baseline run (Seed 789)
EXP_065,Phase 2 (Baselines),Gradient Boosting,XGBoost,Full Features (165),165,Standard,None (Tabular),None (Tabular),N/A,999,1–34,35–39,40–49,0.9461,0.9606,0.7223,0.6786,0.9442,0.5849,0.7321,MAIN_RESULT,Section 4 (Main Model Comparison),Conventional baseline run (Seed 999)
EXP_066,Phase 2 (Baselines),Gradient Boosting,XGBoost,Full Features (165),165,Weighted,None (Tabular),None (Tabular),N/A,42,1–34,35–39,40–49,0.942,0.9587,0.7262,0.6772,0.9333,0.5943,0.7336,SENSITIVITY_ANALYSIS,Section 5 (Class Weighting Sensitivity),Conventional baseline run (Seed 42)
EXP_067,Phase 2 (Baselines),Gradient Boosting,XGBoost,Full Features (165),165,Weighted,None (Tabular),None (Tabular),N/A,123,1–34,35–39,40–49,0.9426,0.962,0.7234,0.6718,0.9397,0.5881,0.7323,SENSITIVITY_ANALYSIS,Section 5 (Class Weighting Sensitivity),Conventional baseline run (Seed 123)
EXP_068,Phase 2 (Baselines),Gradient Boosting,XGBoost,Full Features (165),165,Weighted,None (Tabular),None (Tabular),N/A,456,1–34,35–39,40–49,0.9406,0.9577,0.723,0.6664,0.9466,0.5849,0.7331,SENSITIVITY_ANALYSIS,Section 5 (Class Weighting Sensitivity),Conventional baseline run (Seed 456)
EXP_069,Phase 2 (Baselines),Gradient Boosting,XGBoost,Full Features (165),165,Weighted,None (Tabular),None (Tabular),N/A,789,1–34,35–39,40–49,0.941,0.9588,0.7075,0.6734,0.8844,0.5896,0.7094,SENSITIVITY_ANALYSIS,Section 5 (Class Weighting Sensitivity),Conventional baseline run (Seed 789)
EXP_070,Phase 2 (Baselines),Gradient Boosting,XGBoost,Full Features (165),165,Weighted,None (Tabular),None (Tabular),N/A,999,1–34,35–39,40–49,0.9419,0.9582,0.7182,0.6729,0.9148,0.5912,0.7236,SENSITIVITY_ANALYSIS,Section 5 (Class Weighting Sensitivity),Conventional baseline run (Seed 999)
EXP_071,Phase 2 (Baselines),Neural Network,MLP,Full Features (165),165,Standard,None (Tabular),None (Tabular),2 Dense,42,1–34,35–39,40–49,0.8528,0.8634,0.5989,0.5093,0.7572,0.4953,0.5944,MAIN_RESULT,Section 4 (Main Model Comparison),Conventional baseline run (Seed 42)
EXP_072,Phase 2 (Baselines),Neural Network,MLP,Full Features (165),165,Standard,None (Tabular),None (Tabular),2 Dense,123,1–34,35–39,40–49,0.8377,0.8492,0.5912,0.5065,0.7043,0.5094,0.579,MAIN_RESULT,Section 4 (Main Model Comparison),Conventional baseline run (Seed 123)
EXP_073,Phase 2 (Baselines),Neural Network,MLP,Full Features (165),165,Standard,None (Tabular),None (Tabular),2 Dense,456,1–34,35–39,40–49,0.8254,0.8303,0.5832,0.5131,0.7439,0.4796,0.5787,MAIN_RESULT,Section 4 (Main Model Comparison),Conventional baseline run (Seed 456)
EXP_074,Phase 2 (Baselines),Neural Network,MLP,Full Features (165),165,Standard,None (Tabular),None (Tabular),2 Dense,789,1–34,35–39,40–49,0.7629,0.8138,0.552,0.4882,0.8,0.4214,0.5639,MAIN_RESULT,Section 4 (Main Model Comparison),Conventional baseline run (Seed 789)
EXP_075,Phase 2 (Baselines),Neural Network,MLP,Full Features (165),165,Standard,None (Tabular),None (Tabular),2 Dense,999,1–34,35–39,40–49,0.8274,0.8661,0.5986,0.5402,0.8097,0.4748,0.6038,MAIN_RESULT,Section 4 (Main Model Comparison),Conventional baseline run (Seed 999)
EXP_076,Phase 2 (Baselines),Neural Network,MLP,Full Features (165),165,Weighted,None (Tabular),None (Tabular),2 Dense,42,1–34,35–39,40–49,0.8148,0.83,0.5528,0.4848,0.7094,0.4528,0.5468,SENSITIVITY_ANALYSIS,Section 5 (Class Weighting Sensitivity),Conventional baseline run (Seed 42)
EXP_077,Phase 2 (Baselines),Neural Network,MLP,Full Features (165),165,Weighted,None (Tabular),None (Tabular),2 Dense,123,1–34,35–39,40–49,0.8398,0.8601,0.5077,0.4348,0.6575,0.4135,0.4995,SENSITIVITY_ANALYSIS,Section 5 (Class Weighting Sensitivity),Conventional baseline run (Seed 123)
EXP_078,Phase 2 (Baselines),Neural Network,MLP,Full Features (165),165,Weighted,None (Tabular),None (Tabular),2 Dense,456,1–34,35–39,40–49,0.8381,0.8504,0.561,0.494,0.7587,0.445,0.5629,SENSITIVITY_ANALYSIS,Section 5 (Class Weighting Sensitivity),Conventional baseline run (Seed 456)
EXP_079,Phase 2 (Baselines),Neural Network,MLP,Full Features (165),165,Weighted,None (Tabular),None (Tabular),2 Dense,789,1–34,35–39,40–49,0.8097,0.844,0.6045,0.5477,0.7913,0.489,0.6052,SENSITIVITY_ANALYSIS,Section 5 (Class Weighting Sensitivity),Conventional baseline run (Seed 789)
EXP_080,Phase 2 (Baselines),Neural Network,MLP,Full Features (165),165,Weighted,None (Tabular),None (Tabular),2 Dense,999,1–34,35–39,40–49,0.8245,0.8316,0.5307,0.4588,0.6992,0.4277,0.5265,SENSITIVITY_ANALYSIS,Section 5 (Class Weighting Sensitivity),Conventional baseline run (Seed 999)
EXP_081,Phase 3 (GNNs),Graph Neural Network,GCN,Local Only (93),93,Weighted (pos_weight=7.63),Retained (100% Graph),Forward (u -> v),2,42,1–34,35–39,40–49,0.3834,0.305,0.2071,0.1137,0.1519,0.3255,0.1528,ABLATION,Section 5 (Feature Space Analysis),Primary forward GNN run with full graph context (Seed 42)
EXP_082,Phase 3 (GNNs),Graph Neural Network,GCN,Local Only (93),93,Weighted (pos_weight=7.63),Retained (100% Graph),Forward (u -> v),2,123,1–34,35–39,40–49,0.5128,0.4712,0.296,0.2849,0.2398,0.3868,0.251,ABLATION,Section 5 (Feature Space Analysis),Primary forward GNN run with full graph context (Seed 123)
EXP_083,Phase 3 (GNNs),Graph Neural Network,GCN,Local Only (93),93,Weighted (pos_weight=7.63),Retained (100% Graph),Forward (u -> v),2,456,1–34,35–39,40–49,0.3828,0.4137,0.2622,0.1959,0.1884,0.4308,0.2196,ABLATION,Section 5 (Feature Space Analysis),Primary forward GNN run with full graph context (Seed 456)
EXP_084,Phase 3 (GNNs),Graph Neural Network,GCN,Local Only (93),93,Weighted (pos_weight=7.63),Retained (100% Graph),Forward (u -> v),2,789,1–34,35–39,40–49,0.532,0.4925,0.3411,0.3262,0.3252,0.3585,0.2997,ABLATION,Section 5 (Feature Space Analysis),Primary forward GNN run with full graph context (Seed 789)
EXP_085,Phase 3 (GNNs),Graph Neural Network,GCN,Local Only (93),93,Weighted (pos_weight=7.63),Retained (100% Graph),Forward (u -> v),2,999,1–34,35–39,40–49,0.3268,0.2803,0.1729,0.1452,0.0997,0.6478,0.1417,ABLATION,Section 5 (Feature Space Analysis),Primary forward GNN run with full graph context (Seed 999)
EXP_086,Phase 3 (GNNs),Graph Neural Network,GraphSAGE,Local Only (93),93,Weighted (pos_weight=7.63),Retained (100% Graph),Forward (u -> v),2,42,1–34,35–39,40–49,0.8456,0.7967,0.6252,0.5704,0.7467,0.5377,0.6155,ABLATION,Section 5 (Feature Space Analysis),Primary forward GNN run with full graph context (Seed 42)
EXP_087,Phase 3 (GNNs),Graph Neural Network,GraphSAGE,Local Only (93),93,Weighted (pos_weight=7.63),Retained (100% Graph),Forward (u -> v),2,123,1–34,35–39,40–49,0.4664,0.4048,0.2913,0.182,0.256,0.3381,0.245,ABLATION,Section 5 (Feature Space Analysis),Primary forward GNN run with full graph context (Seed 123)
EXP_088,Phase 3 (GNNs),Graph Neural Network,GraphSAGE,Local Only (93),93,Weighted (pos_weight=7.63),Retained (100% Graph),Forward (u -> v),2,456,1–34,35–39,40–49,0.4399,0.4802,0.2775,0.3253,0.1796,0.6101,0.2593,ABLATION,Section 5 (Feature Space Analysis),Primary forward GNN run with full graph context (Seed 456)
EXP_089,Phase 3 (GNNs),Graph Neural Network,GraphSAGE,Local Only (93),93,Weighted (pos_weight=7.63),Retained (100% Graph),Forward (u -> v),2,789,1–34,35–39,40–49,0.8619,0.8585,0.6239,0.5501,0.7971,0.5126,0.6227,ABLATION,Section 5 (Feature Space Analysis),Primary forward GNN run with full graph context (Seed 789)
EXP_090,Phase 3 (GNNs),Graph Neural Network,GraphSAGE,Local Only (93),93,Weighted (pos_weight=7.63),Retained (100% Graph),Forward (u -> v),2,999,1–34,35–39,40–49,0.416,0.4059,0.2583,0.2017,0.2354,0.2862,0.2101,ABLATION,Section 5 (Feature Space Analysis),Primary forward GNN run with full graph context (Seed 999)
EXP_091,Phase 3 (GNNs),Graph Neural Network,GAT,Local Only (93),93,Weighted (pos_weight=7.63),Retained (100% Graph),Forward (u -> v),2,42,1–34,35–39,40–49,0.3657,0.2625,0.2524,0.1668,0.164,0.5472,0.2238,ABLATION,Section 5 (Feature Space Analysis),Primary forward GNN run with full graph context (Seed 42)
EXP_092,Phase 3 (GNNs),Graph Neural Network,GAT,Local Only (93),93,Weighted (pos_weight=7.63),Retained (100% Graph),Forward (u -> v),2,123,1–34,35–39,40–49,0.3744,0.2403,0.2298,0.13,0.1533,0.4591,0.1886,ABLATION,Section 5 (Feature Space Analysis),Primary forward GNN run with full graph context (Seed 123)
EXP_093,Phase 3 (GNNs),Graph Neural Network,GAT,Local Only (93),93,Weighted (pos_weight=7.63),Retained (100% Graph),Forward (u -> v),2,456,1–34,35–39,40–49,0.3616,0.2146,0.1682,0.1149,0.1227,0.2673,0.1068,ABLATION,Section 5 (Feature Space Analysis),Primary forward GNN run with full graph context (Seed 456)
EXP_094,Phase 3 (GNNs),Graph Neural Network,GAT,Local Only (93),93,Weighted (pos_weight=7.63),Retained (100% Graph),Forward (u -> v),2,789,1–34,35–39,40–49,0.458,0.4502,0.3255,0.294,0.4052,0.272,0.2996,ABLATION,Section 5 (Feature Space Analysis),Primary forward GNN run with full graph context (Seed 789)
EXP_095,Phase 3 (GNNs),Graph Neural Network,GAT,Local Only (93),93,Weighted (pos_weight=7.63),Retained (100% Graph),Forward (u -> v),2,999,1–34,35–39,40–49,0.3388,0.203,0.2074,0.1208,0.1371,0.4261,0.1605,ABLATION,Section 5 (Feature Space Analysis),Primary forward GNN run with full graph context (Seed 999)
EXP_096,Phase 3 (GNNs),Graph Neural Network,GCN,Full Features (165),165,Weighted (pos_weight=7.63),Retained (100% Graph),Forward (u -> v),2,42,1–34,35–39,40–49,0.4668,0.4428,0.3377,0.2673,0.2892,0.4057,0.2954,MAIN_RESULT,Section 4 (Main Model Comparison),Primary forward GNN run with full graph context (Seed 42)
EXP_097,Phase 3 (GNNs),Graph Neural Network,GCN,Full Features (165),165,Weighted (pos_weight=7.63),Retained (100% Graph),Forward (u -> v),2,123,1–34,35–39,40–49,0.5193,0.5397,0.2937,0.2476,0.3978,0.2327,0.2731,MAIN_RESULT,Section 4 (Main Model Comparison),Primary forward GNN run with full graph context (Seed 123)
EXP_098,Phase 3 (GNNs),Graph Neural Network,GCN,Full Features (165),165,Weighted (pos_weight=7.63),Retained (100% Graph),Forward (u -> v),2,456,1–34,35–39,40–49,0.4849,0.488,0.2706,0.2638,0.4,0.2044,0.2563,MAIN_RESULT,Section 4 (Main Model Comparison),Primary forward GNN run with full graph context (Seed 456)
EXP_099,Phase 3 (GNNs),Graph Neural Network,GCN,Full Features (165),165,Weighted (pos_weight=7.63),Retained (100% Graph),Forward (u -> v),2,789,1–34,35–39,40–49,0.2892,0.1827,0.1749,0.0981,0.1172,0.3443,0.1167,MAIN_RESULT,Section 4 (Main Model Comparison),Primary forward GNN run with full graph context (Seed 789)
EXP_100,Phase 3 (GNNs),Graph Neural Network,GCN,Full Features (165),165,Weighted (pos_weight=7.63),Retained (100% Graph),Forward (u -> v),2,999,1–34,35–39,40–49,0.3861,0.3747,0.2176,0.2242,0.1899,0.2547,0.1651,MAIN_RESULT,Section 4 (Main Model Comparison),Primary forward GNN run with full graph context (Seed 999)
EXP_101,Phase 3 (GNNs),Graph Neural Network,GraphSAGE,Full Features (165),165,Weighted (pos_weight=7.63),Retained (100% Graph),Forward (u -> v),2,42,1–34,35–39,40–49,0.3378,0.2799,0.1874,0.1352,0.1438,0.2689,0.1295,MAIN_RESULT,Section 4 (Main Model Comparison),Primary forward GNN run with full graph context (Seed 42)
EXP_102,Phase 3 (GNNs),Graph Neural Network,GraphSAGE,Full Features (165),165,Weighted (pos_weight=7.63),Retained (100% Graph),Forward (u -> v),2,123,1–34,35–39,40–49,0.3616,0.3709,0.2094,0.1539,0.1353,0.4638,0.1666,MAIN_RESULT,Section 4 (Main Model Comparison),Primary forward GNN run with full graph context (Seed 123)
EXP_103,Phase 3 (GNNs),Graph Neural Network,GraphSAGE,Full Features (165),165,Weighted (pos_weight=7.63),Retained (100% Graph),Forward (u -> v),2,456,1–34,35–39,40–49,0.629,0.6442,0.4222,0.3864,0.5011,0.3648,0.3986,MAIN_RESULT,Section 4 (Main Model Comparison),Primary forward GNN run with full graph context (Seed 456)
EXP_104,Phase 3 (GNNs),Graph Neural Network,GraphSAGE,Full Features (165),165,Weighted (pos_weight=7.63),Retained (100% Graph),Forward (u -> v),2,789,1–34,35–39,40–49,0.6101,0.53,0.4144,0.3894,0.4421,0.3899,0.3822,MAIN_RESULT,Section 4 (Main Model Comparison),Primary forward GNN run with full graph context (Seed 789)
EXP_105,Phase 3 (GNNs),Graph Neural Network,GraphSAGE,Full Features (165),165,Weighted (pos_weight=7.63),Retained (100% Graph),Forward (u -> v),2,999,1–34,35–39,40–49,0.2978,0.2281,0.1777,0.1184,0.1251,0.3066,0.1185,MAIN_RESULT,Section 4 (Main Model Comparison),Primary forward GNN run with full graph context (Seed 999)
EXP_106,Phase 3 (GNNs),Graph Neural Network,GAT,Full Features (165),165,Weighted (pos_weight=7.63),Retained (100% Graph),Forward (u -> v),2,42,1–34,35–39,40–49,0.6498,0.6655,0.3638,0.3303,0.3076,0.445,0.3241,MAIN_RESULT,Section 4 (Main Model Comparison),Primary forward GNN run with full graph context (Seed 42)
EXP_107,Phase 3 (GNNs),Graph Neural Network,GAT,Full Features (165),165,Weighted (pos_weight=7.63),Retained (100% Graph),Forward (u -> v),2,123,1–34,35–39,40–49,0.6428,0.6469,0.3603,0.2917,0.2939,0.4654,0.322,MAIN_RESULT,Section 4 (Main Model Comparison),Primary forward GNN run with full graph context (Seed 123)
EXP_108,Phase 3 (GNNs),Graph Neural Network,GAT,Full Features (165),165,Weighted (pos_weight=7.63),Retained (100% Graph),Forward (u -> v),2,456,1–34,35–39,40–49,0.6561,0.6524,0.3618,0.2971,0.2952,0.467,0.3236,MAIN_RESULT,Section 4 (Main Model Comparison),Primary forward GNN run with full graph context (Seed 456)
EXP_109,Phase 3 (GNNs),Graph Neural Network,GAT,Full Features (165),165,Weighted (pos_weight=7.63),Retained (100% Graph),Forward (u -> v),2,789,1–34,35–39,40–49,0.6284,0.6219,0.3443,0.2648,0.2874,0.4292,0.3032,MAIN_RESULT,Section 4 (Main Model Comparison),Primary forward GNN run with full graph context (Seed 789)
EXP_110,Phase 3 (GNNs),Graph Neural Network,GAT,Full Features (165),165,Weighted (pos_weight=7.63),Retained (100% Graph),Forward (u -> v),2,999,1–34,35–39,40–49,0.4258,0.3827,0.2241,0.1495,0.1557,0.3994,0.1764,MAIN_RESULT,Section 4 (Main Model Comparison),Primary forward GNN run with full graph context (Seed 999)
