phase,model_family,model_name,weighting_mode,feature_mode,feature_space,num_features,val_f1_mean,val_f1_std,val_pr_auc_mean,val_pr_auc_std,test_f1_mean,test_f1_std,test_pr_auc_mean,test_pr_auc_std,test_precision_mean,test_precision_std,test_recall_mean,test_recall_std,test_mcc_mean,test_mcc_std,comparability_status
Phase 2,Tree Ensemble,Random Forest,Standard,full,Full Features (165),165,0.9489,0.0023,0.9553,0.0008,0.7247,0.0027,0.6599,0.0025,0.9586,0.0198,0.5827,0.0042,0.7367,0.0057,Directly Comparable (Full Feature Benchmark)
Phase 2,Tree Ensemble,Random Forest,Weighted,full,Full Features (165),165,0.9386,0.0023,0.9527,0.0018,0.7024,0.0051,0.6617,0.0021,0.8830,0.0221,0.5833,0.0029,0.7047,0.0080,Directly Comparable (Full Feature Cost-Sensitive)
Phase 2,Gradient Boosting,XGBoost,Standard,full,Full Features (165),165,0.9399,0.0053,0.9595,0.0015,0.7131,0.0111,0.6744,0.0028,0.9127,0.0366,0.5855,0.0062,0.7189,0.0154,Directly Comparable (Full Feature Benchmark)
Phase 2,Gradient Boosting,XGBoost,Weighted,full,Full Features (165),165,0.9416,0.0008,0.9591,0.0017,0.7197,0.0074,0.6723,0.0039,0.9238,0.0250,0.5896,0.0035,0.7264,0.0104,Directly Comparable (Full Feature Cost-Sensitive)
Phase 2,Neural Network,MLP,Standard,full,Full Features (165),165,0.8212,0.0344,0.8446,0.0223,0.5848,0.0194,0.5115,0.0187,0.7630,0.0430,0.4761,0.0335,0.5840,0.0155,Directly Comparable (Full Feature Benchmark)
Phase 2,Neural Network,MLP,Weighted,full,Full Features (165),165,0.8254,0.0135,0.8432,0.0127,0.5513,0.0362,0.4840,0.0425,0.7232,0.0524,0.4456,0.0287,0.5482,0.0397,Directly Comparable (Full Feature Cost-Sensitive)
Phase 2,Linear Model,Logistic Regression,Standard,full,Full Features (165),165,0.5921,0.0000,0.4826,0.0000,0.4015,0.0000,0.2754,0.0000,0.3821,0.0000,0.4230,0.0000,0.3640,0.0000,Directly Comparable (Full Feature Benchmark)
Phase 2,Linear Model,Logistic Regression,Weighted,full,Full Features (165),165,0.5527,0.0000,0.4366,0.0000,0.3480,0.0000,0.2197,0.0000,0.2678,0.0000,0.4969,0.0000,0.3128,0.0000,Directly Comparable (Full Feature Cost-Sensitive)
Phase 3,Graph Neural Net,GAT,Weighted (pos_weight),full,Full Features (165),165,0.6006,0.0982,0.5939,0.1191,0.3308,0.0602,0.2667,0.0695,0.2680,0.0632,0.4412,0.0281,0.2899,0.0640,Directly Comparable (Primary Forward GNN)
Phase 3,Graph Neural Net,GraphSAGE,Weighted (pos_weight),full,Full Features (165),165,0.4473,0.1590,0.4106,0.1738,0.2822,0.1248,0.2366,0.1386,0.2695,0.1858,0.3588,0.0756,0.2391,0.1394,Directly Comparable (Primary Forward GNN)
Phase 3,Graph Neural Net,GCN,Weighted (pos_weight),full,Full Features (165),165,0.4293,0.0923,0.4056,0.1386,0.2589,0.0639,0.2202,0.0703,0.2788,0.1255,0.2884,0.0839,0.2213,0.0766,Directly Comparable (Primary Forward GNN)
Phase 2,Tree Ensemble,Random Forest,Standard,local,Local Only (93),93,0.9296,0.0011,0.9491,0.0011,0.6936,0.0033,0.6495,0.0003,0.9022,0.0140,0.5635,0.0087,0.7004,0.0024,Directly Comparable (Local Feature Benchmark)
Phase 2,Tree Ensemble,Random Forest,Weighted,local,Local Only (93),93,0.9287,0.0015,0.9494,0.0003,0.6723,0.0035,0.6499,0.0017,0.8988,0.0120,0.5371,0.0084,0.6818,0.0018,Directly Comparable (Local Feature Cost-Sensitive)
Phase 2,Gradient Boosting,XGBoost,Standard,local,Local Only (93),93,0.9185,0.0028,0.9524,0.0019,0.6701,0.0109,0.6554,0.0031,0.8746,0.0322,0.5440,0.0214,0.6758,0.0093,Directly Comparable (Local Feature Benchmark)
Phase 2,Gradient Boosting,XGBoost,Weighted,local,Local Only (93),93,0.9213,0.0024,0.9546,0.0013,0.6756,0.0108,0.6570,0.0040,0.8565,0.0646,0.5594,0.0126,0.6774,0.0202,Directly Comparable (Local Feature Cost-Sensitive)
Phase 2,Neural Network,MLP,Standard,local,Local Only (93),93,0.8912,0.0091,0.8914,0.0115,0.5661,0.0184,0.4082,0.0584,0.5816,0.0180,0.5516,0.0221,0.5409,0.0193,Directly Comparable (Local Feature Benchmark)
Phase 2,Neural Network,MLP,Weighted,local,Local Only (93),93,0.8791,0.0176,0.8600,0.0279,0.5224,0.0459,0.3166,0.0542,0.5164,0.1014,0.5387,0.0211,0.4952,0.0518,Directly Comparable (Local Feature Cost-Sensitive)
Phase 2,Linear Model,Logistic Regression,Standard,local,Local Only (93),93,0.6789,0.0000,0.3935,0.0000,0.4378,0.0000,0.2140,0.0000,0.3564,0.0000,0.5676,0.0000,0.4081,0.0000,Directly Comparable (Local Feature Benchmark)
Phase 2,Linear Model,Logistic Regression,Weighted,local,Local Only (93),93,0.6325,0.0000,0.3540,0.0000,0.4068,0.0000,0.1982,0.0000,0.3118,0.0000,0.5849,0.0000,0.3804,0.0000,Directly Comparable (Local Feature Cost-Sensitive)
Phase 3,Graph Neural Net,GraphSAGE,Weighted (pos_weight),local,Local Only (93),93,0.6060,0.2270,0.5892,0.2208,0.4153,0.1914,0.3659,0.1859,0.4430,0.3021,0.4569,0.1382,0.3905,0.2095,Directly Comparable (Primary Forward GNN)
Phase 3,Graph Neural Net,GCN,Weighted (pos_weight),local,Local Only (93),93,0.4276,0.0898,0.3925,0.0960,0.2559,0.0674,0.2132,0.0905,0.2010,0.0863,0.4299,0.1278,0.2130,0.0665,Directly Comparable (Primary Forward GNN)
Phase 3,Graph Neural Net,GAT,Weighted (pos_weight),local,Local Only (93),93,0.3797,0.0457,0.2741,0.1011,0.2367,0.0586,0.1653,0.0747,0.1964,0.1177,0.3943,0.1221,0.1959,0.0721,Directly Comparable (Primary Forward GNN)
