run_id,model,weighting,feature_mode,feature_space,num_features,seed,optimal_threshold,val_illicit_f1,val_pr_auc,val_illicit_precision,val_illicit_recall,val_roc_auc,test_illicit_f1,test_pr_auc,test_illicit_precision,test_illicit_recall,test_macro_f1,test_roc_auc,test_mcc,test_accuracy,test_tp,test_fp,test_tn,test_fn
1,Logistic Regression,Standard,local,Local Only (93),93,42,0.54,0.6788830715532286,0.39352440692932295,0.5565092989985694,0.8702460850111857,0.9245753369800567,0.4378411158277744,0.21395562257502432,0.35636722606120436,0.5676100628930818,0.6965497871237911,0.8208903652187186,0.40813482973904697,0.9171137339055794,361,652,9896,275
2,Logistic Regression,Standard,local,Local Only (93),93,123,0.54,0.6788830715532286,0.39352440692932295,0.5565092989985694,0.8702460850111857,0.9245753369800567,0.4378411158277744,0.21395562257502432,0.35636722606120436,0.5676100628930818,0.6965497871237911,0.8208903652187186,0.40813482973904697,0.9171137339055794,361,652,9896,275
3,Logistic Regression,Standard,local,Local Only (93),93,456,0.54,0.6788830715532286,0.39352440692932295,0.5565092989985694,0.8702460850111857,0.9245753369800567,0.4378411158277744,0.21395562257502432,0.35636722606120436,0.5676100628930818,0.6965497871237911,0.8208903652187186,0.40813482973904697,0.9171137339055794,361,652,9896,275
4,Logistic Regression,Standard,local,Local Only (93),93,789,0.54,0.6788830715532286,0.39352440692932295,0.5565092989985694,0.8702460850111857,0.9245753369800567,0.4378411158277744,0.21395562257502432,0.35636722606120436,0.5676100628930818,0.6965497871237911,0.8208903652187186,0.40813482973904697,0.9171137339055794,361,652,9896,275
5,Logistic Regression,Standard,local,Local Only (93),93,999,0.54,0.6788830715532286,0.39352440692932295,0.5565092989985694,0.8702460850111857,0.9245753369800567,0.4378411158277744,0.21395562257502432,0.35636722606120436,0.5676100628930818,0.6965497871237911,0.8208903652187186,0.40813482973904697,0.9171137339055794,361,652,9896,275
6,Logistic Regression,Weighted,local,Local Only (93),93,42,0.87,0.6325060048038431,0.3539562376934462,0.4925187032418953,0.883668903803132,0.9174612518996126,0.4067796610169492,0.19823582253954922,0.31181894383906117,0.5849056603773585,0.6769766653105584,0.8271492643393603,0.3804150501073531,0.9029864091559371,372,821,9727,264
7,Logistic Regression,Weighted,local,Local Only (93),93,123,0.87,0.6325060048038431,0.3539562376934462,0.4925187032418953,0.883668903803132,0.9174612518996126,0.4067796610169492,0.19823582253954922,0.31181894383906117,0.5849056603773585,0.6769766653105584,0.8271492643393603,0.3804150501073531,0.9029864091559371,372,821,9727,264
8,Logistic Regression,Weighted,local,Local Only (93),93,456,0.87,0.6325060048038431,0.3539562376934462,0.4925187032418953,0.883668903803132,0.9174612518996126,0.4067796610169492,0.19823582253954922,0.31181894383906117,0.5849056603773585,0.6769766653105584,0.8271492643393603,0.3804150501073531,0.9029864091559371,372,821,9727,264
9,Logistic Regression,Weighted,local,Local Only (93),93,789,0.87,0.6325060048038431,0.3539562376934462,0.4925187032418953,0.883668903803132,0.9174612518996126,0.4067796610169492,0.19823582253954922,0.31181894383906117,0.5849056603773585,0.6769766653105584,0.8271492643393603,0.3804150501073531,0.9029864091559371,372,821,9727,264
10,Logistic Regression,Weighted,local,Local Only (93),93,999,0.87,0.6325060048038431,0.3539562376934462,0.4925187032418953,0.883668903803132,0.9174612518996126,0.4067796610169492,0.19823582253954922,0.31181894383906117,0.5849056603773585,0.6769766653105584,0.8271492643393603,0.3804150501073531,0.9029864091559371,372,821,9727,264
11,Random Forest,Standard,local,Local Only (93),93,42,0.54,0.9279069767441861,0.9488495743728765,0.9661016949152542,0.8926174496644296,0.9833895170244797,0.6952380952380952,0.6493037878112999,0.8816425120772947,0.5738993710691824,0.840113653116749,0.8397656684148893,0.6982511214275965,0.9713876967095851,365,49,10499,271
12,Random Forest,Standard,local,Local Only (93),93,123,0.59,0.9300699300699301,0.9483527290136698,0.9708029197080292,0.8926174496644296,0.9833273620125438,0.693050193050193,0.6492678351729214,0.8975,0.5644654088050315,0.8390715056756683,0.8416443965054629,0.6990851150337569,0.9715665236051502,359,41,10507,277
13,Random Forest,Standard,local,Local Only (93),93,456,0.57,0.9300699300699301,0.9503108073670063,0.9708029197080292,0.8926174496644296,0.984885676954653,0.6981677917068466,0.6497215232010032,0.9027431421446384,0.5691823899371069,0.8417471558974906,0.8337966242370904,0.7043568196827867,0.9720135908440629,362,39,10509,274
14,Random Forest,Standard,local,Local Only (93),93,789,0.63,0.9292452830188679,0.9500576108211497,0.9825436408977556,0.8814317673378076,0.9850059912991863,0.6895874263261297,0.6492670519285579,0.918848167539267,0.5518867924528302,0.8373932447789899,0.841870228461445,0.6999401984345005,0.9717453505007153,351,31,10517,285
15,Random Forest,Standard,local,Local Only (93),93,999,0.6,0.9306698002350177,0.9477143400768406,0.9801980198019802,0.8859060402684564,0.981668267158224,0.6920077972709552,0.6500308507679388,0.9102564102564102,0.5581761006289309,0.838600656202716,0.8438022469310704,0.7004415655883324,0.9717453505007153,355,35,10513,281
16,Random Forest,Weighted,local,Local Only (93),93,42,0.77,0.9290780141843972,0.9497991456107848,0.9849624060150376,0.8791946308724832,0.9848519356624593,0.6699604743083004,0.6480491065537295,0.901595744680851,0.5330188679245284,0.827160420709123,0.8407107341580746,0.6803338682782609,0.9701359084406295,339,37,10511,297
17,Random Forest,Weighted,local,Local Only (93),93,123,0.79,0.9267139479905437,0.9493343630819989,0.9824561403508771,0.8769574944071589,0.9848925584024031,0.6706231454005934,0.6505417881209645,0.904,0.5330188679245284,0.8275155339308067,0.862636184867977,0.6813308277594086,0.970225321888412,339,36,10512,297
18,Random Forest,Weighted,local,Local Only (93),93,456,0.78,0.9301775147928995,0.9493520262381376,0.9874371859296482,0.8791946308724832,0.9845802294674249,0.6693069306930693,0.6506969165242099,0.9037433155080213,0.5314465408805031,0.8268343811626223,0.8556026746851173,0.6801841468076553,0.9701359084406295,338,36,10512,298
19,Random Forest,Weighted,local,Local Only (93),93,789,0.73,0.9299065420560748,0.9493744266745162,0.9731051344743277,0.8903803131991052,0.9837422467172163,0.6776061776061776,0.6481878744439623,0.8775,0.5518867924528302,0.8309744745146957,0.8418075470505603,0.6824527659403273,0.9701359084406295,351,49,10499,285
20,Random Forest,Weighted,local,Local Only (93),93,999,0.77,0.9274673008323424,0.949049940353729,0.9898477157360406,0.87248322147651,0.9831078216310984,0.6739130434782609,0.6519656394901279,0.9069148936170213,0.5361635220125787,0.8292303557904509,0.8591795398334776,0.6846178434504475,0.9704935622317596,341,35,10513,295
21,XGBoost,Standard,local,Local Only (93),93,42,0.71,0.9182692307692307,0.9549004985338112,0.9922077922077922,0.854586129753915,0.989774168643418,0.67,0.654624122024867,0.9203296703296703,0.5267295597484277,0.8272781729689256,0.8817238297283696,0.6838552602153806,0.9704935622317596,335,29,10519,301
22,XGBoost,Standard,local,Local Only (93),93,123,0.67,0.9214285714285714,0.9520060090997335,0.9847328244274809,0.8657718120805369,0.9881821124091149,0.6801541425818882,0.6574072222922264,0.8781094527363185,0.5550314465408805,0.8322946052806299,0.8769631728450713,0.6847283653228037,0.9703147353361946,353,49,10499,283
23,XGBoost,Standard,local,Local Only (93),93,456,0.72,0.9149700598802395,0.9494989768214307,0.9845360824742269,0.854586129753915,0.9882353881336315,0.6520874751491054,0.6504205926934276,0.8864864864864865,0.5157232704402516,0.8178516207315605,0.8833062931242144,0.6626286180531171,0.9687052932761088,328,42,10506,308
24,XGBoost,Standard,local,Local Only (93),93,789,0.63,0.9167643610785463,0.952844921242911,0.9630541871921182,0.8747203579418344,0.9894083420017377,0.6710775047258979,0.6583395021323212,0.8412322274881516,0.5581761006289309,0.8273735716965951,0.8797775011149986,0.6706742465581519,0.9688841201716738,355,67,10481,281
25,XGBoost,Standard,local,Local Only (93),93,999,0.6,0.9210836277974087,0.952832394189933,0.972636815920398,0.8747203579418344,0.988761707895418,0.6773584905660377,0.6561401630627189,0.8466981132075472,0.5644654088050315,0.8306540904116091,0.8787927843485187,0.6770092401261084,0.9694206008583691,359,65,10483,277
26,XGBoost,Weighted,local,Local Only (93),93,42,0.92,0.9210526315789473,0.9549379503252683,0.9897172236503856,0.8612975391498882,0.9892391915763976,0.69,0.6591832118616572,0.9478021978021978,0.5424528301886793,0.8377461624859603,0.8724653157890971,0.7056132725092116,0.9722818311874106,345,19,10529,291
27,XGBoost,Weighted,local,Local Only (93),93,123,0.84,0.9205607476635514,0.9558684707351922,0.9633251833740831,0.8814317673378076,0.9895823760351584,0.6691588785046729,0.6589529528744684,0.8248847926267281,0.5628930817610063,0.8262687997556701,0.8760291378376897,0.6663393805618592,0.9683476394849786,358,76,10472,278
28,XGBoost,Weighted,local,Local Only (93),93,456,0.9,0.9192399049881235,0.9525366938029342,0.979746835443038,0.8657718120805369,0.9883161896491482,0.6842105263157895,0.659501903701349,0.9,0.5518867924528302,0.8345145968660759,0.8749777149323964,0.6920233504411216,0.971030042918455,351,39,10509,285
29,XGBoost,Weighted,local,Local Only (93),93,789,0.84,0.9203747072599532,0.9546788995918326,0.9656019656019657,0.8791946308724832,0.9889776965618955,0.6660482374768089,0.650014305439505,0.8122171945701357,0.5644654088050315,0.8245694451827446,0.8761084398842787,0.6616075814791976,0.9678111587982833,359,83,10465,277
30,XGBoost,Weighted,local,Local Only (93),93,999,0.83,0.9254079254079254,0.9551968007559885,0.9659367396593674,0.8881431767337807,0.9883952153071812,0.6684931506849315,0.6575656763497377,0.7973856209150327,0.5754716981132075,0.825714633444285,0.8724747068209301,0.6614960324650023,0.9675429184549357,366,93,10455,270
31,MLP,Standard,local,Local Only (93),93,42,0.4,0.9055299539170507,0.8985535293820845,0.9334916864608076,0.8791946308724832,0.984235713115551,0.5834004834810637,0.4785414054311664,0.5983471074380166,0.5691823899371069,0.7794647137431825,0.8601502445842069,0.5591411599281361,0.9537732474964234,362,243,10305,274
32,MLP,Standard,local,Local Only (93),93,123,0.29,0.8816234498308907,0.8845847489137934,0.8886363636363637,0.8747203579418344,0.9756161448531432,0.5798252581413821,0.44260130073010906,0.5858747993579454,0.5738993710691824,0.7773824286822311,0.8421926538877083,0.5548008986254179,0.9527002861230329,365,258,10290,271
33,MLP,Standard,local,Local Only (93),93,456,0.4,0.8858131487889274,0.8746312375242716,0.9142857142857143,0.8590604026845637,0.9833025000077694,0.5367825383993533,0.34844814470912416,0.5524126455906821,0.5220125786163522,0.7548329898943906,0.8382860591772144,0.5099176957679763,0.9487660944206009,332,269,10279,304
34,MLP,Standard,local,Local Only (93),93,789,0.43,0.8925619834710744,0.9021900946535688,0.945,0.8456375838926175,0.9837655548466924,0.5673076923076923,0.4241552088954819,0.5784313725490197,0.5566037735849056,0.7708697552447552,0.8468517981888127,0.5418619190571738,0.9517167381974249,354,258,10290,282
35,MLP,Standard,local,Local Only (93),93,999,0.36,0.8904593639575972,0.8970210438822731,0.9402985074626866,0.8456375838926175,0.9838761019750643,0.5631709331131296,0.34735364227647836,0.5930434782608696,0.5361635220125787,0.7690836940935502,0.8389203264859295,0.5389990921864358,0.9527002861230329,341,234,10314,295
36,MLP,Weighted,local,Local Only (93),93,42,0.82,0.9014084507042254,0.873800459886377,0.9481481481481482,0.8590604026845637,0.9830973884683806,0.5528052805280528,0.3440524511339069,0.5815972222222222,0.5267295597484277,0.7635930354237919,0.850088350231228,0.5279759541348178,0.9515379113018598,335,241,10307,301
37,MLP,Weighted,local,Local Only (93),93,123,0.59,0.8595744680851064,0.8225608052910549,0.8194726166328601,0.9038031319910514,0.9760578894022598,0.49965588437715075,0.2896701995502611,0.44430844553243576,0.5707547169811321,0.7324480712825271,0.8405247022893845,0.46964980712337995,0.9349964234620887,363,454,10094,273
38,MLP,Weighted,local,Local Only (93),93,456,0.79,0.8720271800679502,0.8555948786116417,0.8830275229357798,0.8612975391498882,0.9814001126781574,0.4892512972572276,0.28566835698822596,0.4628330995792426,0.5188679245283019,0.7282357157107775,0.832814068898572,0.45742936893881925,0.9383941344778255,330,383,10165,306
39,MLP,Weighted,local,Local Only (93),93,789,0.68,0.8690744920993227,0.8505072240016106,0.876993166287016,0.8612975391498882,0.9816891334836597,0.4823773324118867,0.2653231347259406,0.43033292231812575,0.5487421383647799,0.7232879922419837,0.8330513787823499,0.45091305871747417,0.9330293276108726,349,462,10086,287
40,MLP,Weighted,local,Local Only (93),93,999,0.82,0.8935672514619883,0.8977097410774112,0.9362745098039216,0.854586129753915,0.9851258616793485,0.5879265091863517,0.39829156514034725,0.6627218934911243,0.5283018867924528,0.7828678482327518,0.8483683007658313,0.5700744175482044,0.9578862660944206,336,171,10377,300
41,Logistic Regression,Standard,full,Full Features (165),165,42,0.77,0.5921192758253461,0.48259071864806324,0.5650406504065041,0.6219239373601789,0.9320645719539716,0.4014925373134328,0.2754407143127624,0.3821022727272727,0.4229559748427673,0.6816764569770513,0.8603778653081569,0.36398788709758695,0.9282904148783977,269,435,10113,367
42,Logistic Regression,Standard,full,Full Features (165),165,123,0.77,0.5921192758253461,0.48259071864806324,0.5650406504065041,0.6219239373601789,0.9320645719539716,0.4014925373134328,0.2754407143127624,0.3821022727272727,0.4229559748427673,0.6816764569770513,0.8603778653081569,0.36398788709758695,0.9282904148783977,269,435,10113,367
43,Logistic Regression,Standard,full,Full Features (165),165,456,0.77,0.5921192758253461,0.48259071864806324,0.5650406504065041,0.6219239373601789,0.9320645719539716,0.4014925373134328,0.2754407143127624,0.3821022727272727,0.4229559748427673,0.6816764569770513,0.8603778653081569,0.36398788709758695,0.9282904148783977,269,435,10113,367
44,Logistic Regression,Standard,full,Full Features (165),165,789,0.77,0.5921192758253461,0.48259071864806324,0.5650406504065041,0.6219239373601789,0.9320645719539716,0.4014925373134328,0.2754407143127624,0.3821022727272727,0.4229559748427673,0.6816764569770513,0.8603778653081569,0.36398788709758695,0.9282904148783977,269,435,10113,367
45,Logistic Regression,Standard,full,Full Features (165),165,999,0.77,0.5921192758253461,0.48259071864806324,0.5650406504065041,0.6219239373601789,0.9320645719539716,0.4014925373134328,0.2754407143127624,0.3821022727272727,0.4229559748427673,0.6816764569770513,0.8603778653081569,0.36398788709758695,0.9282904148783977,269,435,10113,367
46,Logistic Regression,Weighted,full,Full Features (165),165,42,0.93,0.5526552655265526,0.4365806725556445,0.4623493975903614,0.6868008948545862,0.920052227968601,0.34801762114537443,0.21974381943007784,0.2677966101694915,0.4968553459119497,0.6452038280892306,0.85387196714391,0.312806197778444,0.894134477825465,316,864,9684,320
47,Logistic Regression,Weighted,full,Full Features (165),165,123,0.93,0.5526552655265526,0.4365806725556445,0.4623493975903614,0.6868008948545862,0.920052227968601,0.34801762114537443,0.21974381943007784,0.2677966101694915,0.4968553459119497,0.6452038280892306,0.85387196714391,0.312806197778444,0.894134477825465,316,864,9684,320
48,Logistic Regression,Weighted,full,Full Features (165),165,456,0.93,0.5526552655265526,0.4365806725556445,0.4623493975903614,0.6868008948545862,0.920052227968601,0.34801762114537443,0.21974381943007784,0.2677966101694915,0.4968553459119497,0.6452038280892306,0.85387196714391,0.312806197778444,0.894134477825465,316,864,9684,320
49,Logistic Regression,Weighted,full,Full Features (165),165,789,0.93,0.5526552655265526,0.4365806725556445,0.4623493975903614,0.6868008948545862,0.920052227968601,0.34801762114537443,0.21974381943007784,0.2677966101694915,0.4968553459119497,0.6452038280892306,0.85387196714391,0.312806197778444,0.894134477825465,316,864,9684,320
50,Logistic Regression,Weighted,full,Full Features (165),165,999,0.93,0.5526552655265526,0.4365806725556445,0.4623493975903614,0.6868008948545862,0.920052227968601,0.34801762114537443,0.21974381943007784,0.2677966101694915,0.4968553459119497,0.6452038280892306,0.85387196714391,0.312806197778444,0.894134477825465,316,864,9684,320
51,Random Forest,Standard,full,Full Features (165),165,42,0.52,0.952046783625731,0.9550573226060093,0.9975490196078431,0.9105145413870246,0.9865323408065856,0.726027397260274,0.6595322432907704,0.961139896373057,0.5833333333333334,0.8564550928023472,0.8615984758504399,0.7382527399090206,0.974964234620887,371,15,10533,265
52,Random Forest,Standard,full,Full Features (165),165,123,0.48,0.9502890173410404,0.9548278659643273,0.9832535885167464,0.9194630872483222,0.9858965838273546,0.7227053140096619,0.6597430259257568,0.9373433583959899,0.5880503144654088,0.8546259894006496,0.8602975198135865,0.7312697956044837,0.9743383404864091,374,25,10523,262
53,Random Forest,Standard,full,Full Features (165),165,456,0.57,0.9461358313817331,0.9562308111918014,0.9926289926289926,0.9038031319910514,0.9879006389979191,0.7267326732673267,0.6635741593325193,0.9812834224598931,0.5770440251572327,0.856905057487676,0.8775570438105051,0.7424618933740397,0.9753218884120172,367,7,10541,269
54,Random Forest,Standard,full,Full Features (165),165,789,0.51,0.9487179487179487,0.9560310259027551,0.9902676399026764,0.9105145413870246,0.9884160816326168,0.7209302325581395,0.6564159125093536,0.9393939393939394,0.5849056603773585,0.8537159599236142,0.8582765101375442,0.7301106081115605,0.9742489270386266,372,24,10524,264
55,Random Forest,Standard,full,Full Features (165),165,999,0.55,0.9474912485414235,0.9543644124676116,0.9902439024390244,0.9082774049217002,0.9871823046456876,0.7270935960591133,0.6601627928653936,0.9736147757255936,0.5801886792452831,0.8570605900025815,0.8712948652819217,0.7413796255748254,0.9752324749642346,369,10,10538,267
56,Random Forest,Weighted,full,Full Features (165),165,42,0.55,0.9357798165137615,0.9507929329097804,0.96,0.912751677852349,0.9865918320322957,0.7005649717514124,0.6590855497250854,0.8732394366197183,0.5849056603773585,0.842819799308542,0.8733479982493925,0.7014729488123435,0.9715665236051502,372,54,10494,264
57,Random Forest,Weighted,full,Full Features (165),165,123,0.53,0.9390103567318757,0.9511769841353929,0.966824644549763,0.912751677852349,0.9865429959514889,0.6979362101313321,0.6634837487973847,0.8651162790697674,0.5849056603773585,0.8414101292887437,0.8785866288401867,0.6978757426417832,0.97120886981402,372,58,10490,264
58,Random Forest,Weighted,full,Full Features (165),165,456,0.54,0.9382151029748284,0.9532600097220177,0.9601873536299765,0.9172259507829977,0.9877121761224418,0.699812382739212,0.660960915548296,0.8674418604651163,0.5864779874213837,0.8423951595416086,0.8774477799004492,0.6998837453589926,0.9713876967095851,373,57,10491,263
59,Random Forest,Weighted,full,Full Features (165),165,789,0.58,0.9421296296296297,0.9551688154835182,0.9760191846522782,0.9105145413870246,0.9892232088590426,0.7109826589595376,0.6641723409731342,0.917910447761194,0.5801886792452831,0.848458980675268,0.8839830436721736,0.7179132897067408,0.973175965665236,369,33,10515,267
60,Random Forest,Weighted,full,Full Features (165),165,999,0.56,0.9379310344827586,0.9531044848288263,0.9645390070921985,0.912751677852349,0.9884711332146172,0.7028571428571428,0.6608469632438637,0.8913043478260869,0.5801886792452831,0.8441108117888303,0.876296260520937,0.7064307862717762,0.9721030042918455,369,45,10503,267
61,XGBoost,Standard,full,Full Features (165),165,42,0.59,0.9369158878504673,0.9578604651720785,0.980440097799511,0.8970917225950783,0.9898043582206442,0.698382492863939,0.673569912519582,0.8843373493975903,0.5770440251572327,0.8417558662189939,0.8954135691168018,0.7014106655211583,0.9716559370529327,367,48,10500,269
62,XGBoost,Standard,full,Full Features (165),165,123,0.65,0.9437939110070258,0.959394230528937,0.9901719901719902,0.901565995525727,0.9905120374279723,0.7209302325581395,0.6722729258474949,0.9393939393939394,0.5849056603773585,0.8537159599236142,0.8903234807993647,0.7301106081115605,0.9742489270386266,372,24,10524,264
63,XGBoost,Standard,full,Full Features (165),165,456,0.48,0.9330254041570438,0.9582259159585713,0.964200477326969,0.9038031319910514,0.9896907033416754,0.7039106145251397,0.6719814908160311,0.863013698630137,0.5943396226415094,0.8444884151802932,0.8887232787878354,0.7027668743250928,0.9715665236051502,378,60,10488,258
64,XGBoost,Standard,full,Full Features (165),165,789,0.61,0.9393939393939394,0.9614247795893518,0.9805352798053528,0.901565995525727,0.9916317155715619,0.7200772200772201,0.6756799555804169,0.9325,0.5864779874213837,0.8532413102073706,0.8955071813071362,0.7281917259472586,0.9740701001430615,373,27,10521,263
65,XGBoost,Standard,full,Full Features (165),165,999,0.68,0.9461358313817331,0.9605964555445002,0.9926289926289926,0.9038031319910514,0.9906141492332957,0.7223300970873786,0.678647482060152,0.9441624365482234,0.5849056603773585,0.8544633895315982,0.8949601164368696,0.7321316800403066,0.9744277539341917,372,22,10526,264
66,XGBoost,Weighted,full,Full Features (165),165,42,0.81,0.9419953596287703,0.9587340906940457,0.9783132530120482,0.9082774049217002,0.9896241086860296,0.7262247838616714,0.6771742991333128,0.9333333333333333,0.5943396226415094,0.8564307208097217,0.8919110123711195,0.7335962079807267,0.9745171673819742,378,27,10521,258
67,XGBoost,Weighted,full,Full Features (165),165,123,0.84,0.9425556858147714,0.9619596198735504,0.9901477832512315,0.8993288590604027,0.9906376793449572,0.723404255319149,0.6717615579456605,0.9396984924623115,0.5880503144654088,0.8549992121256849,0.881300637039899,0.7322724721144978,0.9744277539341917,374,24,10524,262
68,XGBoost,Weighted,full,Full Features (165),165,456,0.87,0.940628637951106,0.9577430289463669,0.9805825242718447,0.9038031319910514,0.989326652557479,0.7230320699708455,0.6664170704295114,0.9465648854961832,0.5849056603773585,0.8548381213062437,0.8767427071929937,0.7331478247909494,0.9745171673819742,372,21,10527,264
69,XGBoost,Weighted,full,Full Features (165),165,789,0.82,0.9410404624277456,0.9587832338147964,0.9736842105263158,0.9105145413870246,0.9893821481038504,0.7075471698113207,0.6734053618443548,0.8844339622641509,0.589622641509434,0.8464993217181251,0.8888483434816101,0.7093547840545213,0.9722818311874106,375,49,10499,261
70,XGBoost,Weighted,full,Full Features (165),165,999,0.82,0.9418604651162791,0.9582067749545278,0.9806295399515739,0.9060402684563759,0.9885279606541015,0.7182425978987583,0.67293245245481,0.9148418491484185,0.5911949685534591,0.8522032369447827,0.8839130581254189,0.723620233646565,0.9736230329041488,376,35,10513,260
71,MLP,Standard,full,Full Features (165),165,42,0.2,0.8528389339513326,0.8634358443026257,0.8846153846153846,0.8232662192393736,0.9771593650066395,0.5988593155893536,0.5092950357942838,0.7572115384615384,0.49528301886792453,0.789530990127197,0.8465925758974249,0.5943940554459478,0.9622675250357654,315,101,10447,321
72,MLP,Standard,full,Full Features (165),165,123,0.08,0.8376844494892168,0.8491725901177292,0.8502304147465438,0.825503355704698,0.9769906585456702,0.5912408759124088,0.5064642195295194,0.7043478260869566,0.5094339622641509,0.7850901634169039,0.8490327535340093,0.5790432415579686,0.9599427753934192,324,136,10412,312
73,MLP,Standard,full,Full Features (165),165,456,0.08,0.8253968253968254,0.8303433872668007,0.8367816091954023,0.814317673378076,0.9759167087322909,0.5831739961759083,0.5131146620971969,0.7439024390243902,0.47955974842767296,0.781362816491481,0.8445597901655922,0.578716882957814,0.9610157367668097,305,105,10443,331
74,MLP,Standard,full,Full Features (165),165,789,0.46,0.7628607277289837,0.8137561107200743,0.8685714285714285,0.680089485458613,0.964822483066089,0.5520082389289392,0.4882000211430147,0.8,0.42138364779874216,0.7658391430659091,0.859166422201711,0.5638682792728841,0.9611051502145923,268,67,10481,368
75,MLP,Standard,full,Full Features (165),165,999,0.22,0.8274173806609547,0.8660861024970948,0.9135135135135135,0.756152125279642,0.9800526808122595,0.5986124876114965,0.5401992926667982,0.8096514745308311,0.4748427672955975,0.7898254628703112,0.8561021136082311,0.6037758014560123,0.9637875536480687,302,71,10477,334
76,MLP,Weighted,full,Full Features (165),165,42,0.59,0.8148148148148148,0.8299511027303698,0.8441247002398081,0.7874720357941835,0.9724817563940859,0.5527831094049904,0.48479425752893723,0.7093596059113301,0.4528301886792453,0.765465924016947,0.8485697607582467,0.5468309575870596,0.9583333333333334,288,118,10430,348
77,MLP,Weighted,full,Full Features (165),165,123,0.67,0.8398169336384439,0.8600669172083593,0.8594847775175644,0.8210290827740492,0.9805477010858924,0.5077220077220077,0.43484013043790826,0.6575,0.41352201257861637,0.7419071317439965,0.8389713063730225,0.4994969259126026,0.9543991416309013,263,137,10411,373
78,MLP,Weighted,full,Full Features (165),165,456,0.39,0.8381171067738232,0.8504022571840891,0.8608490566037735,0.8165548098434005,0.9782834827939388,0.5609514370664024,0.49404028921608356,0.7587131367292225,0.4449685534591195,0.7701053828433281,0.8546020826029197,0.5629203709274081,0.960389842632332,283,90,10458,353
79,MLP,Weighted,full,Full Features (165),165,789,0.61,0.8096885813148789,0.8439551447199928,0.8357142857142857,0.785234899328859,0.9755837354540624,0.6044703595724004,0.5477380819493514,0.7913486005089059,0.4889937106918239,0.7926986504268112,0.8562186816541572,0.6052431983697294,0.9636087267525035,311,82,10466,325
80,MLP,Weighted,full,Full Features (165),165,999,0.35,0.8244803695150116,0.8315579293083307,0.8520286396181385,0.7986577181208053,0.9750909350022843,0.5307317073170732,0.4587911268552318,0.699228791773779,0.4276729559748428,0.7540975221212645,0.8484478264084162,0.5265343999342305,0.9569921316165951,272,117,10431,364
